{
    "handler": "Microsoft.Compute.MultiVm",
    "version": "0.1.2-preview",
    "parameters": {
        "basics": [
            {}
        ],
        "steps": [
            {
                "name": "storageConfig",
                "label": "Storage settings",
                "subLabel": {
                    "preValidation": "Configure the infrastructure settings",
                    "postValidation": "Done"
                },
                "bladeTitle": "Storage settings",
                "elements": [
                    {
                        "name": "storageAccounts",
                        "type": "Microsoft.Storage.MultiStorageAccountCombo",
                        "label": {
                            "prefix": "Storage account name prefix",
                            "type": "Storage account type"
                        },
                        "defaultValue": {
                            "type": "Standard_LRS"
                        },
                        "constraints": {
                            "allowedTypes": [
                                "Premium_LRS",
                                "Standard_LRS",
                                "Standard_GRS"
                            ]
                        }
                    }
                ]
            },
            {
                "name": "credentialsConfig",
                "label": "VM Credential",
                "subLabel": {
                    "preValidation": "Configure the Web App VM credentials",
                    "postValidation": "Done"
                },
                "bladeTitle": "Credential",
                "elements": [
                    {
                        "name": "adminUsername",
                        "type": "Microsoft.Compute.UserNameTextBox",
                        "label": "User name",
                        "toolTip": "Admin username for the virtual machine",
                        "osPlatform": "Windows",
                        "constraints": {
                            "required": true
                        }
                    },
                    {
                        "name": "adminPasswordOrKey",
                        "type": "Microsoft.Compute.CredentialsCombo",
                        "label": {
                            "password": "Password",
                            "confirmPassword": "Confirm password"
                        },
                        "toolTip": {
                            "password": "Admin password for the virtual machine"
                        },
                        "osPlatform": "Windows",
                        "constraints": {
                            "required": true
                        }
                    }
                ]
            },
            { 
                "name": "vmConfig",
                "label": "Web App Virtual Machine settings",
                "subLabel": {
                    "preValidation": "Configure the virtual machine settings",
                    "postValidation": "Done"
                },
                "bladeTitle": "Web App VM Settings",
                "elements": [
                    {
                        "name": "dnsNameForPublicIP",
                        "type": "Microsoft.Common.TextBox",
                        "label": "DNS Name for Public IP",
                        "toolTip": "Unique DNS Name for the Public IP used to access the Virtual Machine.",
                        "defaultValue": "VenkatSaaS",
                        "constraints": {
                            "required": true,
                            "regex": "[a-z][a-z0-9-]{2,5}[a-z0-9]$",
                            "validationMessage": "Must be 3-5 characters."
                        }
                    },
                    {
                        "name": "vmSize",
                        "type": "Microsoft.Compute.SizeSelector",
                        "label": "Virtual machine size",
                        "toolTip": "The size of the virtual machine for web app",
                        "recommendedSizes": [
                            "Standard_B1ls",
                            "Standard_D1_v2",
                            "Standard_F1"
                        ],
                        "constraints": {
                            "allowedSizes": [
                                "Standard_B1ls",
                                "Standard_D1_v2",
                                "Standard_F1"
                            ]
                        },
                        "osPlatform": "Windows",
                        "count": 1
                    },
                    {
                        "name": "ubuntuOSVersion",
                        "type": "Microsoft.Common.TextBox",
                        "label": "Ubuntu OS Version",
                        "toolTip": "Ubuntu OS Version",
                        "defaultValue": "14.04.4-LTS",
                        "constraints": {
                            "allowedValues": [
                              "14.04.4-LTS",
                              "15.10",
                              "16.04.0-LTS"
                            ]
                        }
                    }
                ]
            }
        ],
        "outputs": {
            "storageAccountNamePrefix": "[steps('storageConfig').storageAccounts.prefix]",
            "storageAccountType": "[steps('storageConfig').storageAccounts.type]",
            "location": "[location()]",
            "vmSize": "[steps('vmConfig').vmSize]",
            "adminUsername": "[steps('credentialsConfig').adminUsername]",
            "adminPassordOrKey": "[steps('credentialsConfig').adminPasswordOrKey.password]",
            "dnsNameForPublicIP": "[steps('vmConfig').dnsNameForPublicIP]"
        }
    }
}
