{
    "$schema": "https://schema.management.azure.com/schemas/2015-01-01/deploymentTemplate.json#",
    "contentVersion": "1.0.0.0",
    "parameters": {
        "storageAccountNamePrefix": {
            "type": "string"
        },
        "storageAccountType": {
            "type": "string"
        },
        "location": {
            "type": "string",
            "defaultValue": "[resourceGroup().location]"
        },
        "adminUsername": {
            "type": "string",
            "metadata": {
            "description": "Username for the Virtual Machine."
            }
        },
        "authenticationType": {
          "type": "string",
          "defaultValue": "password",
          "allowedValues": [
            "sshPublicKey",
            "password"
          ],
          "metadata": {
            "description": "Type of authentication to use on the Virtual Machine. SSH key is recommended."
          }
        },
        "adminPasswordOrKey": {
          "type": "securestring",
          "metadata": {
            "description": "SSH Key or password for the Virtual Machine. SSH key is recommended."
          }
        },
        "dnsNameForPublicIP": {
          "type": "string",
          "metadata": {
            "description": "Unique DNS Name for the Public IP used to access the Virtual Machine."
          }
        },
        "vmSize": {
          "type": "string",
          "defaultValue": "Standard_B1ls",
          "metadata": {
            "description": "VM size for the Docker host."
          }
        },
        "ubuntuOSVersion": {
          "type": "string",
          "defaultValue": "14.04.4-LTS",
          "metadata": {
            "description": "The Ubuntu version for deploying the Docker containers. This will pick a fully patched image of this given Ubuntu version. Allowed values: 14.04.4-LTS, 15.10, 16.04.0-LTS"
          },
          "allowedValues": [
            "14.04.4-LTS",
            "15.10",
            "16.04.0-LTS"
          ]
        }
    },
    "variables": {
        "imagePublisher": "Canonical",
        "imageOffer": "UbuntuServer",
        "OSDiskName": "osdiskfordockersimple",
        "nicName": "myVMNicD",
        "extensionName": "DockerExtension",
        "addressPrefix": "10.0.0.0/16",
        "subnetName": "Subnet",
        "subnetPrefix": "10.0.0.0/24",
        "diskStorageType": "Standard_LRS",
        "publicIPAddressName": "myPublicIPD",
        "publicIPAddressType": "Dynamic",
        "vmName": "MyDockerVM",
        "virtualNetworkName": "MyVNETD",
        "subnetRef": "[resourceId('Microsoft.Network/virtualNetworks/subnets', variables('virtualNetworkName'), variables('subnetName'))]",
        "linuxConfiguration": {
          "disablePasswordAuthentication": true,
          "ssh": {
            "publicKeys": [
              {
                "path": "[concat('/home/', parameters('adminUsername'), '/.ssh/authorized_keys')]",
                "keyData": "[parameters('adminPasswordOrKey')]"
              }
            ]
          }
        },
        "nestedTemplateUri": "[uri(deployment().properties.templateLink.uri, 'nestedtemplates/storageAccount.json')]"
    },
    "resources": [
        {
          "apiVersion": "2017-04-01",
          "type": "Microsoft.Network/publicIPAddresses",
          "name": "[variables('publicIPAddressName')]",
          "location": "[parameters('location')]",
          "properties": {
            "publicIPAllocationMethod": "[variables('publicIPAddressType')]",
            "dnsSettings": {
              "domainNameLabel": "[parameters('dnsNameForPublicIP')]"
            }
          }
        },
        {
          "apiVersion": "2017-04-01",
          "type": "Microsoft.Network/virtualNetworks",
          "name": "[variables('virtualNetworkName')]",
          "location": "[parameters('location')]",
          "properties": {
            "addressSpace": {
              "addressPrefixes": [
                "[variables('addressPrefix')]"
              ]
            },
            "subnets": [
              {
                "name": "[variables('subnetName')]",
                "properties": {
                  "addressPrefix": "[variables('subnetPrefix')]"
                }
              }
            ]
          }
        },
        {
          "apiVersion": "2017-04-01",
          "type": "Microsoft.Network/networkInterfaces",
          "name": "[variables('nicName')]",
          "location": "[parameters('location')]",
          "dependsOn": [
            "[concat('Microsoft.Network/publicIPAddresses/', variables('publicIPAddressName'))]",
            "[concat('Microsoft.Network/virtualNetworks/', variables('virtualNetworkName'))]"
          ],
          "properties": {
            "ipConfigurations": [
              {
                "name": "ipconfig1",
                "properties": {
                  "privateIPAllocationMethod": "Dynamic",
                  "publicIPAddress": {
                    "id": "[resourceId('Microsoft.Network/publicIPAddresses',variables('publicIPAddressName'))]"
                  },
                  "subnet": {
                    "id": "[variables('subnetRef')]"
                  }
                }
              }
            ]
          }
        },
        {
          "apiVersion": "2017-03-30",
          "type": "Microsoft.Compute/virtualMachines",
          "name": "[variables('vmName')]",
          "location": "[parameters('location')]",
          "dependsOn": [
            "[concat('Microsoft.Network/networkInterfaces/', variables('nicName'))]"
          ],
          "properties": {
            "hardwareProfile": {
              "vmSize": "[parameters('vmSize')]"
            },
            "osProfile": {
              "computerName": "[variables('vmName')]",
              "adminUsername": "[parameters('adminUsername')]",
              "adminPassword": "[parameters('adminPasswordOrKey')]",
              "linuxConfiguration": "[if(equals(parameters('authenticationType'), 'password'), json('null'), variables('linuxConfiguration'))]"
            },
            "storageProfile": {
              "imageReference": {
                "publisher": "[variables('imagePublisher')]",
                "offer": "[variables('imageOffer')]",
                "sku": "[parameters('ubuntuOSVersion')]",
                "version": "latest"
              },
              "osDisk": {
                "name": "[concat(variables('vmName'),'_OSDisk')]",
                "caching": "ReadWrite",
                "createOption": "FromImage",
                "managedDisk": {
                  "storageAccountType": "[variables('diskStorageType')]"
                }
              }
            },
            "networkProfile": {
              "networkInterfaces": [
                {
                  "id": "[resourceId('Microsoft.Network/networkInterfaces',variables('nicName'))]"
                }
              ]
            }
          }
        },
        {
          "type": "Microsoft.Compute/virtualMachines/extensions",
          "name": "[concat(variables('vmName'),'/', variables('extensionName'))]",
          "apiVersion": "2017-03-30",
          "location": "[parameters('location')]",
          "dependsOn": [
            "[concat('Microsoft.Compute/virtualMachines/', variables('vmName'))]"
          ],
          "properties": {
            "publisher": "Microsoft.Azure.Extensions",
            "type": "DockerExtension",
            "typeHandlerVersion": "1.0",
            "autoUpgradeMinorVersion": true,
            "settings": {}
          }
        },
        {
            "type": "Microsoft.Resources/deployments",
            "apiVersion": "2016-02-01",
            "name": "nestedDeployment",
            "properties": {
                "mode": "Incremental",
                "templateLink": {
                    "contentVersion": "1.0.0.0",
                    "uri": "[variables('nestedTemplateUri')]"
                },
                "parameters": {
                    "storageAccountNamePrefix": {
                        "value": "[parameters('storageAccountNamePrefix')]"
                    },
                    "storageAccountType": {
                        "value": "[parameters('storageAccountType')]"
                    },
                    "location": {
                        "value": "[parameters('location')]"
                    }
                }
            }
        }
    ],
    "outputs": {
        "storageEndpoint": {
            "type": "string",
            "value": "[reference('nestedDeployment').outputs.storageEndpoint.value]"
        }
    }
}
